,Tissues,Training_FC,Training_Significance,SEM,Corr_Significance
0,Midbrain,6.00513519654624,0.0,1.017948894537823,0.0
1,Pituitary gland,3.1258082541709906,0.0,0.6168886930096441,0.0
2,Hippocampal formation,6.932399783048172,0.0,0.8661257153176029,0.0
3,Cerebellum,6.318160124090205,0.0,0.6781086777961838,0.0
4,Hypothalamus,6.123009704659076,0.0,0.8318491869414708,0.0
5,Basal ganglia,5.596930241710667,0.0,0.8333924861715314,0.0
6,Cerebral cortex,8.769590809162471,0.0,1.0810252226630805,0.0
7,Amygdala,6.934449160717732,0.0,0.9632577522150387,0.0
